condition,alpha,avg_reward,avg_consistency
Standard RL,0.0,-35.93367301598191,0.11245716959238053
Oracle Only,0.0,-0.024794766679406166,0.1448837101459503
Full Reflexive,0.0,-0.023849060386419298,0.13884966373443602
Standard RL,0.5,-33.380182802677155,0.11312519460916519
Oracle Only,0.5,-0.024794766679406166,0.1448837101459503
Full Reflexive,0.5,-0.023085568845272065,0.1461011916399002
Standard RL,1.0,-35.56556203588843,0.11395277231931686
Oracle Only,1.0,-0.024794766679406166,0.1448837101459503
Full Reflexive,1.0,-0.021952182799577714,0.14895740151405334
