dim,explicit,iterative,error
10,2.586696042,0.898574666,0.15590166347460283
20,0.000664375,6.7083e-5,0.1345227811562661
50,0.000545625,0.000371,0.03927114147201171
100,0.430143875,0.000272833,0.002165987038346072
200,0.013504083,0.000911166,0.030799569346722407
400,0.078762625,0.005597125,0.003559466598097702
