algo,reward_mean,total_collapses,final_level_mean
EGP,-40.530293005503786,21,0.9488946843433397
FPRL,-5.1352053279250764,3000,0.0033237535430380217
PPO,-40.53020686995388,23,0.9460236082447862
